Brand,Company,Date,ProductDescription,Reason,Url
Aurobindo,"Aurobindo Pharma USA, Inc.",12/31/18,"Amlodipine Valsartan Tablets USP, Valsartan HCTZ Tablets USP, Valsartan Tablets USP",Undeclared N-nitrosodiethylamine (NDEA),https://www.fda.gov/Safety/Recalls/ucm629213.htm
Lubrisine,Results RNA LLC,12/31/18,Eye Drops,Undeclared colloidal silver and lack of sterility assurance,https://www.fda.gov/Safety/Recalls/ucm629256.htm
Eat Smart,Apio Inc.,12/26/18,Salad Shake Ups several flavors,Listeria monocytogenes potential conamination,https://www.fda.gov/Safety/Recalls/ucm629152.htm
Columbia River Natural Pet Foods,Columbia River Natural Pet Foods,12/21/18,Dog and Cat fresh frozen meats,Potential to be contaminated with Salmonella and Listeria monocytogenes,https://www.fda.gov/Safety/Recalls/ucm629119.htm
Inspired Organics,"Inspired Organics, LLC",12/20/18,"Organic almond butter, Organic Peanut Butter, Organic Tahini Butter",potential contamination of Listeria monocytogenes,https://www.fda.gov/Safety/Recalls/ucm628989.htm
Terrific Care LLC dba MedEx Supply,"Terrific Care, LLC. / Medex Supply Dist, Inc.",12/20/18,Roche CoaguChek test strips,inaccurately reports high INR test results.,https://www.fda.gov/Safety/Recalls/ucm628976.htm
Torrent Pharmaceuticals Limited,Torrent Pharmaceuticals Limited,12/20/18,"Losartan potassium tablets, USP",due to the detection of trace amounts of N-nitrosodiethylamine (NDEA),https://www.fda.gov/Safety/Recalls/ucm628966.htm
Funky Chunky,"Funky Chunky, LLC",12/20/18,Nutty Choco Pop,Undeclared Almond and Cashew Tree Nut,https://www.fda.gov/Safety/Recalls/ucm629106.htm
Puritan Bennett™,Medtronic,12/18/18,Puritan Bennett™ 980 (PB980) ventilator series,Software update,https://www.fda.gov/Safety/Recalls/ucm628812.htm
Wegmans,Wegmans Food Market Inc.,12/18/18,"Fresh Cauliflower Rice, Veggie Cauliflower Rice Blend and Stir-Fry Mix with Cauliflower",it may be contaminated with E. Coli O157:H7,https://www.fda.gov/Safety/Recalls/ucm628826.htm
Adam Bros. Family Farms,"Adam Bros. Farming, Inc.",12/17/18,"Red leaf lettuce, green leaf lettuce, and cauliflower",May be contaminated with E.Coli O157:H7,https://www.fda.gov/Safety/Recalls/ucm628722.htm
Greens & Grains,Atherstone Foods Inc.,12/17/18,Hummus and Quinoa Tabouleh Wrap,Undeclared soy,https://www.fda.gov/Safety/Recalls/ucm628719.htm
Envoachem Pharmaceuticals,Asclemed USA Inc dba Envoachem Pharmeceuticals,12/17/18,"Dyural-40 and Dyural-80 Convenience Kits Containing Sodium Chloride Injection, USP, 0.9%",Due to latex hazard/product labeling incorrectly states do not contain latex,https://www.fda.gov/Safety/Recalls/ucm628712.htm
Inspired Organics,"Inspired Organics, LLC",12/17/18,Organic almond butter,potential contamination of Listeria monocytogenes,https://www.fda.gov/Safety/Recalls/ucm628680.htm
"Eat Smart, Salad Shake Ups","Apio, Inc.",12/15/18,Salads,Listeria monocytogenes,https://www.fda.gov/Safety/Recalls/ucm628566.htm
"Northwest Cuisine Creations, Fresh&Local","Spokane Produce, Inc.",12/15/18,Sandwiches,E. coli,https://www.fda.gov/Safety/Recalls/ucm628583.htm
Moonstruck,Moonstruck Chocolate Company,12/11/18,Sea Salt Caramels Tumbled In Milk Chocolate,Undeclared hazelnuts,https://www.fda.gov/Safety/Recalls/ucm628194.htm
Inspired Organics,"Inspired Organics, LLC",12/11/18,Sunflower butter,Listeria monocytogenes,https://www.fda.gov/Safety/Recalls/ucm628186.htm
"Achdut, Baron's, S&F, Pepperwood and others",Achdut LTD,12/11/18,Tahini,Salmonella,https://www.fda.gov/Safety/Recalls/ucm626750.htm
Del Monte,"Del Monte Foods, Inc.",12/11/18,Seasoned corn,Under processing,https://www.fda.gov/Safety/Recalls/ucm628259.htm
Kotex,Kimberly-Clark,12/11/18,Tampons,Performance defect,https://www.fda.gov/Safety/Recalls/ucm628237.htm
Fine Land Corp.,Fine Land Corp.,12/7/18,Meiqili Durian Candy,Undeclared Milk,https://www.fda.gov/Safety/Recalls/ucm627880.htm
9Lives,J.M Smuckers Company,12/7/18,Cat food,Low levels of Thiamine,https://www.fda.gov/Safety/Recalls/ucm628058.htm
Home Fresh Foods,Accra Super Market,12/6/18,Suya Barbecue Seasoning,Undeclared peanuts,https://www.fda.gov/Safety/Recalls/ucm627855.htm
Light & Fit,Danone North America,12/5/18,Greek Crunch S'mores Nonfat Yogurt,May Contain Peanuts,https://www.fda.gov/Safety/Recalls/ucm627792.htm
"Family Wellness, CVS, Equate",Tris Pharma,12/5/18,Infants’ Ibuprofen,Products may have higher concentrations of Ibuprofen,https://www.fda.gov/Safety/Recalls/ucm627780.htm
Abound,The Kroger Company,12/5/18,Chicken & Brown Rice Recipe dog food,Elevated level of Vitamin D,https://www.fda.gov/Safety/Recalls/ucm627843.htm
Columbia River Natural Pet Foods,Columbia River Natural Pet Foods,12/5/18,Frozen meat product for dogs and cats,Listeria monocytogenes,https://www.fda.gov/Safety/Recalls/ucm627721.htm
Abound,King Soopers,12/5/18,Chicken & Brown Rice Recipe dog food,Elevated level of Vitamin D,https://www.fda.gov/Safety/Recalls/ucm627838.htm
Hiland,Hiland Dairy,12/4/18,Half-gallon premium whole milk chocolate,Undeclared egg,https://www.fda.gov/Safety/Recalls/ucm627712.htm
Chukar Cherries,Chukar Cherries,12/4/18,Ultra Dark Chocolate products,Undeclared milk,https://www.fda.gov/Safety/Recalls/ucm627711.htm
Mylan,Mylan Pharmaceuticals,12/4/18,Valsartan-containing products,Detection of Trace Amounts of NDEA (N-Nitrosodiethylamine) Impurity Found in the Active Pharmaceutical Ingredient,https://www.fda.gov/Safety/Recalls/ucm627647.htm
Elm Pet Foods,ELM Pet Foods,11/29/18,Pet Food,Elevated levels of Vitamin D,https://www.fda.gov/Safety/Recalls/ucm627139.htm
ANF,"ANF, Inc",11/28/18,Lamb and Rice Dry Dog Food,Elevated Levels of Vitamin D,https://www.fda.gov/Safety/Recalls/ucm627087.htm
Sprout Creek Farm,"Sprout Creek Farm, Inc.",11/28/18,Kinkead raw cows' milk cheese,Listeria monocytogenes,https://www.fda.gov/Safety/Recalls/ucm627077.htm
Kitchen Cravings,"Kwik Trip, Inc",11/27/18,Strawberry and Mixed Berry Parfaits,May contain undeclared traces of cashews or almonds,https://www.fda.gov/Safety/Recalls/ucm626868.htm
Teva Pharmaceuticals,Teva Pharmaceuticals,11/27/18,Amlodipine/Valsartan Combination Tables and Amlopidine/Valsartan/Hydrochlorothiazide Combination Tablets,Impurity N-nitroso-diethylamine (NDEA) in API,https://www.fda.gov/Safety/Recalls/ucm626802.htm
"Evolve, Sportsman's Pride, and Triumph",Sunshine Mills Inc.,11/27/18,Dry Dog Food,Potentially elevated levels of Vitamin D,https://www.fda.gov/Safety/Recalls/ucm626746.htm
Imperial Taste,Gemini Food Corporation,11/27/18,Fried Red Onions and Fried Garlic,Undeclared wheat,https://www.fda.gov/Safety/Recalls/ucm627188.htm
Tres Hermanos Bakery,Tres Hermanos Bakery,11/27/18,Bread,Undeclared milk,https://www.fda.gov/Safety/Recalls/ucm627350.htm
ThermaCare,Pfizer Inc.,11/26/18,ThermaCare HeatWrap,Potential for leakage,https://www.fda.gov/Safety/Recalls/ucm626671.htm
FC 500 Series,Beckman Coulter Life Sciences,11/23/18,"FC 500™ Series Flow Cytometers (FC 500), COULTER® EPICS® XL™ and COULTER® EPICS® XL-MCL™ Flow Cytometer with System II Software",Intermittent or permanent failure of a component on the circuit amplifier boards,https://www.fda.gov/Safety/Recalls/ucm626534.htm
Ottogi,"Ottogi America, Inc.",11/23/18,Jin Ramen,Undeclared egg,https://www.fda.gov/Safety/Recalls/ucm626554.htm
No brand name; “PACKED BY FIRST SOURCE” printed on back label.,First Source,11/20/18,Chocolate and Nut Tray,Undeclared pecan and cashew,https://www.fda.gov/Safety/Recalls/ucm626380.htm
Mylan,Mylan Pharmaceuticals,11/20/18,Amlodipine and Valsartan Tablets; Valsartan Tablets; Valsartan and Hydrochlorothiazide Tablets,"Contain trace amounts of an impurity, N-nitrosodiethylamine (NDEA)",https://www.fda.gov/Safety/Recalls/ucm626367.htm
Fresenius Kabi,Fresenius Kabi USA,11/20/18,"Sodium Chloride Injection, USP, 0.9%, 10 mL fill in a 10 mL vial and Sodium Chloride Injection, USP, 0.9%, 20 mL fill in a 20 mL vial",Labeling incorrectly states stoppers do not contain latex,https://www.fda.gov/Safety/Recalls/ucm626450.htm
Cap’n Crunch’s,The Quaker Oats Company,11/16/18,Peanut Butter Crunch Cereal,Salmonella potential contamination,https://www.fda.gov/Safety/Recalls/ucm626142.htm
Chukar Cherries,Chukar Cherries,11/16/18,Amaretto Rainier Chocolate Cherries,Undeclared Milk,https://www.fda.gov/Safety/Recalls/ucm626137.htm
Green Cedar,Green Cedar Dairy,11/16/18,Ackawi Cheese,Listeria monocytogenespotential contamination,https://www.fda.gov/Safety/Recalls/ucm626134.htm
Jay Robb,Jay Robb Enterprises,11/16/18,Egg White Protein,Undeclared Milk,https://www.fda.gov/Safety/Recalls/ucm626168.htm
Pictsweet Farms,The Pictsweet Company,11/13/18,Asparagus Spears,Potential Listeria monocytogenescontamination,https://www.fda.gov/Safety/Recalls/ucm625788.htm
Purveyors Kitchen,"Nor Cal Food Solutions, LLC",11/13/18,Pumpkin Pesto Tapenade,Undeclared walnuts,https://www.fda.gov/Safety/Recalls/ucm625923.htm
Oscor,Oscor Inc.,11/12/18,"Temporary Bipolar Pacing Lead, Model TB",Connector cap housing may slide and potentially expose the connection wire.,https://www.fda.gov/Safety/Recalls/ucm625786.htm
Recchiuti,Recchiuti Confections,11/9/18,Bittersweet and Feve chocolate bars,Undeclared milk allergen,https://www.fda.gov/Safety/Recalls/ucm625679.htm
Quesillo and Alebrije,ALEBRIJE DIST WHOLESALE,11/9/18,Cheeses,Salmonella,https://www.fda.gov/Safety/Recalls/ucm625686.htm
Natural Life,Natural Life Pet Products,11/9/18,Chicken and Potato Dry Dog Food,Elevated Levels of Vitamin D,https://www.fda.gov/Safety/Recalls/ucm625624.htm
Best Taste,Country Favor Inc.,11/9/18,Dried Bamboo Shoot,Undeclared Sulfites,https://www.fda.gov/Safety/Recalls/ucm627727.htm
Losartan,Sandoz Inc,11/8/18,Losartan Potassium Hydrochlorothiazide,Product contains NDEA impurity,https://www.fda.gov/Safety/Recalls/ucm625492.htm
Wegmans,"Wegmans Food Markets, Inc.",11/7/18,"Placek Coffee Cake, 11 oz. and 22 oz., and Pumpkin Loaf, 11 oz.",Undeclared Milk,https://www.fda.gov/Safety/Recalls/ucm625327.htm
Puriton,Kadesh Inc.,11/7/18,"Puriton Eye Relief Drops, 0.5 oz. (15ml) bottle",Non-Sterile Production Conditions,https://www.fda.gov/Safety/Recalls/ucm625305.htm
Margie,Sprout Creek Farm,11/6/18,Cheese 1 lb wheel,Listeria monocytogenes,https://www.fda.gov/Safety/Recalls/ucm625254.htm
Orlando,Lidl US,11/6/18,Chicken and Chickpea dog food,Elevated Levels of Vitamin D,https://www.fda.gov/Safety/Recalls/ucm625631.htm
Ukrops,Ukrops Homestyle Foods,11/6/18,Baked Potatoes with Cheddar Cheese and Bacon,Undeclared Egg and Milk Allergens,https://www.fda.gov/Safety/Recalls/ucm625462.htm
Duncan Hines,Conagra Brands,11/5/18,Cake mixes,Salmonella,https://www.fda.gov/Safety/Recalls/ucm625144.htm
ORTHO-NOVUM,"Janssen Pharmaceuticals, Inc.",11/2/18,ORTHO-NOVUM 1/35 and 7/7/7 (norethindrone / ethinyl estradiol) Tablets,does not include the appropriate instructions for the Veridate dispenser.,https://www.fda.gov/Safety/Recalls/ucm625012.htm
Smartfood Delight,Frito-Lay,11/2/18,Sea Salt Flavored popcorn,undeclared milk,https://www.fda.gov/Safety/Recalls/ucm625007.htm
Barcelona,Barcelona Nut Company,11/2/18,roasted and salted in shell pistachios,potential to be contaminated with Salmonella,https://www.fda.gov/Safety/Recalls/ucm625001.htm
Nutrisca,Nutrisca,11/2/18,Chicken and Chickpea Dry Dog Food,Due to elevated levels of Vitamin D,https://www.fda.gov/Safety/Recalls/ucm625015.htm
Natural Life,Natural Life Pet Products,11/2/18,Chicken & Potato Dry Dog Food,Due to elevated levels of Vitamin D,https://www.fda.gov/Safety/Recalls/ucm625016.htm
Roche,Roche Diagnostics,10/31/18,CoaguChek XS PT Test Strips,Test results may be inaccurate,https://www.fda.gov/Safety/Recalls/ucm626140.htm
"WP Westminster, more","ScieGen Pharmaceuticals, Inc",10/30/18,"Irbesartan Tablets, USP 75 mg, 150 mg, and 300 mg dosage forms","due to the presence of an impurity, N-nitrosodiethylamine (NDEA)",https://www.fda.gov/Safety/Recalls/ucm624593.htm
MarieBelle,Maribel’s Sweets Inc.,10/29/18,Chocolate bars,undeclared milk,https://www.fda.gov/Safety/Recalls/ucm624518.htm
Fit & Active,J&J Snack Foods Handheld Corp.,10/29/18,Southwest Veggie Stuffed Sandwiches,Listeria monocytogenes and Salmonella,https://www.fda.gov/Safety/Recalls/ucm624568.htm
Aurobindo Pharma Limited,Aurobindo Pharma Limited,10/26/18,Irbesartan Drug,"Due to the presence of an impurity, N-nitrosodiethylamine (NDEA)",https://www.fda.gov/Safety/Recalls/ucm624547.htm
Baraka,"UBC Food Distributors, Inc",10/25/18,Curry powder,Lead,https://www.fda.gov/Safety/Recalls/ucm624397.htm
Weis,Shirley's Cookie Company,10/24/18,Chocolate Whoopie Pie,Undeclared peanut,https://www.fda.gov/Safety/Recalls/ucm624292.htm
"Corrado, Orlando Imports, Nouri’s, more","Sirob Imports, Inc.",10/24/18,Curry powder,Lead,https://www.fda.gov/Safety/Recalls/ucm624227.htm
Promise Pharmacy,Promise Pharmacy,10/22/18,Prednisolone and Gatifloxacin Ophthalmic Solution,Unidentified small particulate floating in the solution,https://www.fda.gov/Safety/Recalls/ucm623994.htm
New Seasons,New Seasons Market,10/22/18,Hot & Sour Broth,Undeclared Soy,https://www.fda.gov/Safety/Recalls/ucm624016.htm
Hy-Vee,Hy-Vee,10/18/18,"Fire Roasted Tomato, Spinach Twice Baked Potato",Potential Salmonella and Listeria monocytogenes contamination,https://www.fda.gov/Safety/Recalls/ucm623808.htm
Working Cow,"Working Cow Homemade, Inc.",10/18/18,Ice Cream,Potential Listeria monocytogenes contamination,https://www.fda.gov/Safety/Recalls/ucm623891.htm
Du Sud,P. East Trading Corp.,10/17/18,Seedless Raisins,Undeclared Sulfites,https://www.fda.gov/Safety/Recalls/ucm623694.htm
Source Day Natural Treasures,New Nan Fong,10/17/18,Liquorice Slice,Undeclared Sulfites,https://www.fda.gov/Safety/Recalls/ucm623687.htm
Stewart’s Shops,Stewart’s Shops Corp,10/17/18,Cranberry Apple Refresher drink,Undeclared Milk,https://www.fda.gov/Safety/Recalls/ucm623762.htm
Cedar’s,Cedar’s Mediterranean Foods,10/17/18,Chickpea Salad,Undeclared Soy,https://www.fda.gov/Safety/Recalls/ucm623834.htm
Zero Xtreme,Fat Burners Zone,10/15/18,Dietary Supplement for Weight Loss,Undeclared Sibutramine,https://www.fda.gov/Safety/Recalls/ucm623503.htm
S&W,"Faribault Foods, Inc.",10/15/18,White Beans,Undeclared Sulfites,https://www.fda.gov/Safety/Recalls/ucm623660.htm
feel good foods,Feel Good Foods Inc.,10/15/18,Vegetable Fried Rice frozen meal,Undeclared Egg,https://www.fda.gov/Safety/Recalls/ucm623506.htm
Fred Meyer Bakery,Clackamas Bakery,10/15/18,Angel Food Cake Bar,Undeclared Milk and Soy,https://www.fda.gov/Safety/Recalls/ucm623586.htm
Forager,Forager Project,10/11/18,Organic Plant Protein Shake,Undeclared almonds,https://www.fda.gov/Safety/Recalls/ucm623242.htm
ReGen Series,"Liveyon, LLC",10/10/18,All ReGen Series products,Adverse reactions,https://www.fda.gov/Safety/Recalls/ucm623039.htm
Sugar Melon Candy/Wax Gourd,SLR Food Distribution Inc.,10/10/18,Sugar Melon Candy/Wax Gourd,Undeclared Sulfites,https://www.fda.gov/Safety/Recalls/ucm623682.htm
Sweet Me Creamery,Kemps,10/9/18,Ice Cream,Undeclared peanuts,https://www.fda.gov/Safety/Recalls/ucm622983.htm
Sprayology,"Eight and Company LLC, dba Sprayology",10/9/18,Homeopathic Aqueous-Based Medicines,Possible microbial contamination,https://www.fda.gov/Safety/Recalls/ucm622919.htm
Bazzini’s,Bazzini LLC,10/6/18,Pistachios,Salmonella,https://www.fda.gov/Safety/Recalls/ucm622867.htm
Ladyfingers,"Ladyfingers Catering, LLC",10/5/18,Country Ham Rolls,Listeria monocytogenes,https://www.fda.gov/Safety/Recalls/ucm622719.htm
Callie's Charleston Biscuits,Callie's Charleston Biscuits LLC,10/4/18,Country Ham Biscuits and Cocktail Ham Biscuits,Listeria monocytogenes,https://www.fda.gov/Safety/Recalls/ucm622685.htm
Working Cow Homemade Ice Cream,"Working Cow Homemade Ice Cream, Inc.",10/4/18,No Sugar Added Ice Cream (Vanilla; Chocolate flavors),Listeria monocytogenes,https://www.fda.gov/Safety/Recalls/ucm622688.htm
Ukrop’s,"Ukrop’s Homestyle Foods, LLC",10/4/18,"Biscuits, rolls, salads and subs manufactured using recalled ham ingredient",Listeria monocytogenes,https://www.fda.gov/Safety/Recalls/ucm622786.htm
"Pet Alive, Native Remedies, Healthful Naturals","Silver Star Brands, Inc.",10/3/18,Homeopathic Drug Products (liquid),Microbial Contamination,https://www.fda.gov/Safety/Recalls/ucm622488.htm
Mini Roll,Apollo Food International Inc.,10/2/18,Mini roll food treat,Undeclared Egg,https://www.fda.gov/Safety/Recalls/ucm623501.htm
Endo Pharmaceuticals,Endo Pharmaceuticals,9/28/18,"Robaxin® (methocarbamol tablets, USP) 750mg Tablets",Due to Incorrect Daily Dosing Information on Label,https://www.fda.gov/Safety/Recalls/ucm622008.htm
Margie,Sprout Creek Farm Inc.,9/28/18,Pasteurized Cow’s Milk Cheese,Improper Pasteurization,https://www.fda.gov/Safety/Recalls/ucm622705.htm
Oscor,Oscor Inc.,9/27/18,Temporary Bipolar Pacing Leads,Connector cap housing may slide and potentially expose the connection wire.,https://www.fda.gov/Safety/Recalls/ucm621931.htm
365 Everyday Value,Whole Foods Market,9/25/18,Tortilla Chips,Undeclared milk,https://www.fda.gov/Safety/Recalls/ucm621665.htm
Harris Teeter,Harris Teeter,9/25/18,Frozen yogurt,Undeclared peanut,https://www.fda.gov/Safety/Recalls/ucm621651.htm
Mauna Loa,Mauna Loa Macadamia Nut Corporation,9/24/18,Macadamia Nuts,E. coli,https://www.fda.gov/Safety/Recalls/ucm621806.htm
Cardiosave,Getinge,9/20/18,Maquet/Getinge Cardiosave Intra-Aortic Balloon Pumps (IABP),Potential interruption and/or inability to start therapy to the patient,https://www.fda.gov/Safety/Recalls/ucm621203.htm
MyoWhey,"Purus Labs, Inc.",9/20/18,Chocolate Cookie Crunch dietary supplement,Undeclared milk and soy allergen,https://www.fda.gov/Safety/Recalls/ucm621293.htm
Bellona,Lidl US,9/13/18,Milk Chocolate Flavored Coated Wafer with Hazelnut Crème Filling and White Chocolate Flavor,Undeclared Wheat,https://www.fda.gov/Safety/Recalls/ucm620864.htm
Performance Dog,"Bravo Packing, Inc.",9/12/18,frozen raw pet food,potential to be contaminated with Salmonella,https://www.fda.gov/Safety/Recalls/ucm620371.htm
Sarap Asian Fusion,Sarap Asian Fusion,9/12/18,Asian fusion cookies,"undeclared allergens of wheat, milk and soy",https://www.fda.gov/Safety/Recalls/ucm620366.htm
NeoRelief,BioLyte Laboratories,9/12/18,Muscle,Due to possible microbial contamination,https://www.fda.gov/Safety/Recalls/ucm620481.htm
Meijer,"McCormick & Company, Inc",9/11/18,Taco Seasoning Mix 4.5 OZ Bottle,unlabeled milk allergen,https://www.fda.gov/Safety/Recalls/ucm620304.htm
Gourmet Take Away,Market of Choice,9/10/18,Sesame Noodle Salad,Undeclared egg,https://www.fda.gov/Safety/Recalls/ucm620056.htm
Pharm D Solutions,Pharm D Solutions LLC,9/10/18,Compounded drugs,Lack of Sterility Assurance,https://www.fda.gov/Safety/Recalls/ucm620054.htm
Gravel Ridge Farms,Gravel Ridge Farms,9/8/18,Cage Free Eggs,Salmonella,https://www.fda.gov/Safety/Recalls/ucm619886.htm
"Steve's Real Food, Quest",Steve's Real Food,9/7/18,Pet food,"Steve's Real Food, Quest",https://www.fda.gov/Safety/Recalls/ucm619888.htm
SCA Pharmaceuticals,SCA Pharmaceuticals LLC (“SCA Pharma”),9/6/18,Furosemide 100 mg in 0.9% Sodium Chloride 100 mg bag,visible particulate matter,https://www.fda.gov/Safety/Recalls/ucm619776.htm
Camber Pharmaceuticals,"Camber Pharmaceuticals, Inc",9/5/18,"Montelukast Sodium Tablets, USP 10mg",Product label mix up/may contain Losartan Potassium Tablets,https://www.fda.gov/Safety/Recalls/ucm619825.htm
Beaumont Bio Med Homeopathic,"Beaumont Bio Med, Inc.",9/5/18,Homeopathic oral sprays,Microbial contamination,https://www.fda.gov/Safety/Recalls/ucm619587.htm
H&C Food Inc,H&C Food Inc,9/4/18,Frozen Fish Balls & Fuzhou Fish Balls,"Undeclared Wheat, Pork, Egg and Crustacean",https://www.fda.gov/Safety/Recalls/ucm619231.htm
"G & C Raw, Kim’s Special, Pat’s Cat","G & C Raw, LLC",8/31/18,Raw dog and cat food,Potential Listeria monocytogenes contamination,https://www.fda.gov/Safety/Recalls/ucm624214.htm
"Neuroveen, Respitrol, Thyroveev, Compulsin","HelloLife, Inc.",8/29/18,Homeopathic Medicines,Possible Microbial Contamination,https://www.fda.gov/Safety/Recalls/ucm618926.htm
CyPass,Alcon,8/29/18,Micro-Stent,Significant endothelial cell loss,https://www.fda.gov/Safety/Recalls/ucm619109.htm
"CVS, Rhinall, Humist, more",Product Quest Manufacturing LLC,8/28/18,Nasal Products and Baby Oral Gels,Pseudomonas aeruginosa contamination,https://www.fda.gov/Safety/Recalls/ucm618803.htm
Dr. King’s,King Bio,8/27/18,Homeopathic products for human and animal use,Microbial contamination,https://www.fda.gov/Safety/Recalls/ucm618585.htm
Accord,Accord Healthcare Inc.,8/27/18,Hydrochlorothiazide Tablets USP 12.5 mg,Labeling mix-up/may contain Spironolactone Tablets,https://www.fda.gov/Safety/Recalls/ucm618583.htm
Children’s Advil,"Pfizer, Inc.",8/27/18,Ibuprofen Oral Suspension,Dosage cup has incorrect measurement markings,https://www.fda.gov/Safety/Recalls/ucm618675.htm
Allied Import Inc.,Allied Imports Inc.,8/27/18,Lily Bulb,Undeclared Sulfites,https://www.fda.gov/Safety/Recalls/ucm618743.htm
Living Well Remedies,"Living Well Remedies, LLC",8/24/18,Homeopathic Spray for Weight Loss,Due to Microbial Contamination,https://www.fda.gov/Safety/Recalls/ucm618669.htm
Torrent Pharmaceuticals Limited,Torrent Pharmaceuticals Limited,8/23/18,Valsartan/Amlodipine/HCTZ; Valsartan/Amlodipine; and Valsartan tablets,Impurity detected in the API is N-nitrosodimethylamine (NDMA),https://www.fda.gov/Safety/Recalls/ucm617821.htm
"KB, DK, more",King Bio,8/22/18,Homeopathic products,Microbial contamination,https://www.fda.gov/Safety/Recalls/ucm617945.htm
Rad Cat,"Radagast Pet Food, Inc.",8/21/18,Rad Cat Raw Diet,Potential for Listeria monocytogenes,https://www.fda.gov/Safety/Recalls/ucm617868.htm
Premo Brand,"Lipari Foods, LLC",8/21/18,Turkey and Cheese Wedge Sandwiches,Listeria monocytogenes,https://www.fda.gov/Safety/Recalls/ucm617762.htm
Torrent,Torrent Pharmaceuticals,8/17/18,Valsartan/Amlodipine/HCTZ Tablets,Impurity detected in the API is N-nitrosodimethylamine (NDMA),https://www.fda.gov/Safety/Recalls/ucm617347.htm
Marsee Baking,Marsee Foods Inc. dba Marsee Baking,8/15/18,Cookies,Undeclared Peanuts,https://www.fda.gov/Safety/Recalls/ucm617097.htm
Zakah Life,"Zakah Life, LLC",8/14/18,Kratom Containing Products,Salmonella,https://www.fda.gov/Safety/Recalls/ucm617098.htm
Salt & Straw,Salt & Straw Ice Cream,8/14/18,Chocolate Gooey Brownie Ice Cream,Undeclared peanuts,https://www.fda.gov/Safety/Recalls/ucm616965.htm
Blissful Remedies,"World Organix, LLC",8/13/18,Products Containing Kratom,High microbial load,https://www.fda.gov/Safety/Recalls/ucm616749.htm
"Westminster Pharmaceuticals, LLC","Westminster Pharmaceuticals, LLC",8/9/18,"Levothyroxine and Liothyronine (Thyroid Tablets, USP) 15 mg, 30 mg, 60 mg, 90 mg, & 120 mg",Risk of Adulteration,https://www.fda.gov/Safety/Recalls/ucm616601.htm
CVS Health,Product Quest Manufacturing (“Product Quest”),8/8/18,12 Hour Sinus Relief Nasal Mist,Product was found to contain Pseudomonas aeruginosa,https://www.fda.gov/Safety/Recalls/ucm616189.htm
"Camber Pharmaceuticals, Inc.","Camber Pharmaceuticals, Inc.",8/8/18,"Valsartan Tablets, USP, 40mg, 80mg, 160mg and 320mg",Detection of trace amounts of N-Nitrosodimethylamine (NDMA),https://www.fda.gov/Safety/Recalls/ucm616405.htm
Best Taste,Country Favor Inc.,8/6/18,Snack Ginger Sliced,Undeclared Sulfites,https://www.fda.gov/Safety/Recalls/ucm616303.htm
"G & C Raw, more",G & C Raw LLC,8/3/18,Ground Lamb Dog Food and Ground Turkey Cat Food,Potential to be contaminated with Listeria monocytogenes,https://www.fda.gov/Safety/Recalls/ucm615902.htm
Hostess,"Hostess Brands, LLC",8/3/18,Cookies 'n Creme Brownies,"The ""Contains"" statement does not include ""egg"".",https://www.fda.gov/Safety/Recalls/ucm615883.htm
Almond Breeze,HP Hood LLC,8/2/18,Vanilla almondmilk,Undeclared milk,https://www.fda.gov/Safety/Recalls/ucm615707.htm
Sweet Earth,Sweet Earth Foods,8/1/18,Aloha BBQ Quesadilla,Undeclared Egg and Milk,https://www.fda.gov/Safety/Recalls/ucm615532.htm
Auromedics,AuroMedics Pharma,7/31/18,"Piperacillin and Tazobactam for injection, USP 3.375 g",Glass and silicone particulate matter,https://www.fda.gov/Safety/Recalls/ucm615383.htm
"Premo, Fresh Grab",Lipari Foods LLC,7/28/18,Sandwiches,Listeria monocytogenes,https://www.fda.gov/Safety/Recalls/ucm615055.htm
Ranier's RX Laboratory,Ranier's RX Laboratory,7/28/18,Compounded drug products,Sterility concerns,https://www.fda.gov/Safety/Recalls/ucm615054.htm
El Guapo,Mojave Foods Corporation,7/27/18,Jamaica Hibiscus Flower,Undeclared Peanut,https://www.fda.gov/Safety/Recalls/ucm616080.htm
TeaSource,TeaSource,7/26/18,Loose Leaf Tea,Undeclared almonds,https://www.fda.gov/Safety/Recalls/ucm615023.htm
"Associated Milk Producers, Inc. (AMPI)","Associated Milk Producers, Inc. (AMPI)",7/25/18,Dry Whey Powder,Salmonella,https://www.fda.gov/Safety/Recalls/ucm614759.htm
Taco Bell,Kraft Heinz,7/24/18,Salsa Con Queso Mild Cheese Dip,Product separation which can lead to a potential health hazard,https://www.fda.gov/Safety/Recalls/ucm614642.htm
"Mrs. Freshley's, Food Lion, Captain John Derst's, more","Flowers Foods, Inc.",7/23/18,Swiss Rolls and Bread,Salmonella,https://www.fda.gov/Safety/Recalls/ucm614378.htm
Goldfish,Pepperidge Farm,7/23/18,Crackers,Salmonella,https://www.fda.gov/Safety/Recalls/ucm614548.htm
Ritz,Mondelez Global LLC,7/21/18,Cracker Sandwiches,Salmonella,https://www.fda.gov/Safety/Recalls/ucm614253.htm
Sherman Candy Co.,"Gift Services, Inc. dba GiftTree",7/20/18,Sherman Candy Caramels sold in gift baskets,"May contain undeclared pecans, walnuts, almonds and/or peanuts",https://www.fda.gov/Safety/Recalls/ucm614189.htm
"Dr. King’s, Dr. King’s Aquaflora",King Bio Inc.,7/20/18,"Homeopathic liquids: Candida liquid, lymph detox liquid, baby teething liquid","microbial contaminants Pseudomonas Brenneri, Pseudomonas Fluroescens and Burkholderia Multivorans.",https://www.fda.gov/Safety/Recalls/ucm614175.htm
Food Lion,"Shearer’s Foods, LLC",7/20/18,Dill Pickle Flavored Potato Chips,May contain undeclared milk,https://www.fda.gov/Safety/Recalls/ucm614164.htm
Mintrate,ADM Animal Nutrition,7/20/18,Cattle Feed,Elevated non-protein nitrogen,https://www.fda.gov/Safety/Recalls/ucm615276.htm
H-E-B,H-E-B,7/18/18,Creamy Creations ice creams and sherbets,Due to broken metal in processing equipment,https://www.fda.gov/Safety/Recalls/ucm613925.htm
"Seattle Sourdough Baking Company, Franz",Portland French Bakery,7/18/18,"Seattle Sourdough Pub Buns, Franz Premium Pub Buns",May contain undeclared soy,https://www.fda.gov/Safety/Recalls/ucm613922.htm
Hy-Vee,Hy-Vee,7/17/18,Spring Pasta Salad,May be contaminated with Salmonella,https://www.fda.gov/Safety/Recalls/ucm613777.htm
Actavis,Teva Pharmaceuticals USA,7/17/18,Valsartan and Valsartan Hydrochlorothiazide Tablets,Impurity detected in the API is Nnitrosodimethylamine (NDMA),https://www.fda.gov/Safety/Recalls/ucm613729.htm
Prinston Pharmaceutical Inc. dba Solco Healthcare LLC,Prinston Pharmaceutical Inc. dba Solco Healthcare LLC,7/17/18,"Valsartan Tablets, 40 mg, 80mg, 160mg, and 320mg; and Valsartan-Hydrochlorothiazide Tablets, 80mg/12.5mg, 160mg/12.5mg, 160mg/25mg, 320mg/12.5mg, and 320mg/25mg","Detection of a Trace Amount of Unexpected Impurity, N- nitrosodimethylamine (NDMA)",https://www.fda.gov/Safety/Recalls/ucm613504.htm
Utz®,"Utz® Quality Foods, LLC",7/16/18,Carolina Style Barbeque Potato Chips,due to undeclared soy,https://www.fda.gov/Safety/Recalls/ucm613605.htm
AnnaSea,ALDI,7/14/18,"Wasabi Ahi Poke Hawaiian Poke Kits, Limu Ahi Poke Hawaiian Poke Kits.",Due to storage at incorrect temperature,https://www.fda.gov/Safety/Recalls/ucm613673.htm
Major Pharmaceuticals,Major Pharmaceuticals,7/13/18,"Valsartan tablets, 80mg USP and 160 mg USP",may contain the probable carcinogen Nnitrosodimethylamine (NDMA),https://www.fda.gov/Safety/Recalls/ucm613625.htm
Pictsweet Farms,The Pictsweet Company,7/13/18,Steam’ables Baby Brussels Sprouts,Because they may contain undeclared milk and soy,https://www.fda.gov/Safety/Recalls/ucm613676.htm
"King Soopers, Smith’s and more",Papa John’s Salads and Produce,7/12/18,Salads,Undeclared peanuts,https://www.fda.gov/Safety/Recalls/ucm613463.htm
Sonic-Fusion,"Water Pik, Inc",7/12/18,Flossing toothbrush,Charging base may overheat with localized melting and sparking,https://www.fda.gov/Safety/Recalls/ucm613512.htm
Saje Natural Wellness,Saje Natural Wellness,7/6/18,Splish Splash Gentle Baby Wash,Pseudomonas aeruginosa,https://www.fda.gov/Safety/Recalls/ucm612744.htm
Rad Cat,"Radagast Pet Food, Inc.",7/6/18,Raw Diet Cat Food (Free Range Chicken; Pasture-Raised Venison),Listeria monocytogenes or Shiga Toxin producing E. coli O121,https://www.fda.gov/Safety/Recalls/ucm612737.htm
Prescript-Assist,"LL’s Magnetic Clay, Inc.",7/6/18,Probiotic & Prebiotic Dietary Supplement,"Undeclared Allergens: Almonds, Crustaceans, Milk, Casein, Eggs, and Peanuts",https://www.fda.gov/Safety/Recalls/ucm612727.htm
"Platinum, Slimming Plus and more","MyNicNaxs, LLC",7/6/18,dietary supplements,Unapproved new drug,https://www.fda.gov/Safety/Recalls/ucm613197.htm
United States Bakery,United States Bakery,7/2/18,Hamburger Buns,Undeclared Milk,https://www.fda.gov/Safety/Recalls/ucm612471.htm
Kratom Powder Capsule,Blissful Remedies,6/30/18,Kratom Powder Capsule,Potential Salmonella Contamination,https://www.fda.gov/Safety/Recalls/ucm612376.htm
Prescript-Assist,"LL’s Magnetic Clay, Inc.",6/29/18,Probiotic and prebiotic dietary supplement,"Undeclared allergens, including almonds, crustaceans, milk, casein, eggs, and peanuts",https://www.fda.gov/Safety/Recalls/ucm612266.htm
May Flower International Inc.,May Flower International Inc.,6/29/18,3+2 Soda Crackers,Undeclared Milk Allergens,https://www.fda.gov/Safety/Recalls/ucm612423.htm
Fagron Sterile Services,Fagron Sterile Services,6/29/18,Neostigmine Methylsulfate 5 mL Syringes,Mislabeling,https://www.fda.gov/Safety/Recalls/ucm612364.htm
Whole Foods Market,Whole Foods Market,6/29/18,Oatmeal Cookies,Undeclared soy,https://www.fda.gov/Safety/Recalls/ucm612328.htm
Talking Rain,Talking Rain,6/28/18,Sparkling Ice Cherry Limeade,Off Taste Off Odor,https://www.fda.gov/Safety/Recalls/ucm612182.htm
Hospira,Hospira Inc.,6/28/18,"Daptomycin for Injection 500 mg, Lyophilized Powder For Solution, Single Dose Vial",Causes Infusion Reactions,https://www.fda.gov/Safety/Recalls/ucm613488.htm
Wish Bone,Pinnacle Foods Inc.,6/28/18,House Italian Salad Dressing,Undeclared milk and egg,https://www.fda.gov/Safety/Recalls/ucm612228.htm
Honey Mama’s,Nectar Foods Inc DBA Honey Mama’s,6/22/18,Oregon Peppermint Cacao Nectar Bar,Undeclared Almonds,https://www.fda.gov/Safety/Recalls/ucm611610.htm
Gaia Ethnobotanical,"Gaia Ethnobotanical, LLC",6/21/18,Kratom Products,Potential Salmonella contamination,https://www.fda.gov/Safety/Recalls/ucm611438.htm
Now Real Food,"Now Health Group, Inc.",6/21/18,Zesty Sprouting Mix,Potential Salmonella contamination,https://www.fda.gov/Safety/Recalls/ucm611388.htm
ALREEF,Golden Star Wholesale,6/19/18,Dried Apricots Sour,Undeclared Sulfites,https://www.fda.gov/Safety/Recalls/ucm611182.htm
Del Monte,"Del Monte Fresh Produce N.A., Inc.",6/15/18,Vegetable Trays,Cyclospora,https://www.fda.gov/Safety/Recalls/ucm610992.htm
Kellogg’s,Kellogg Company,6/14/18,Honey Smacks cereal,Salmonella,https://www.fda.gov/Safety/Recalls/ucm610815.htm
Melissa's Spicy Edamame,"World Variety Produce, Inc.",6/13/18,Spicy Edamame,Undeclared Shellfish,https://www.fda.gov/Safety/Recalls/ucm610715.htm
Dave’s Pet Food,Dave’s Pet Food,6/12/18,‎95% Premium beef cans,Potential that product contains elevated levels of beef thyroid hormone,https://www.fda.gov/Safety/Recalls/ucm610595.htm
"Caito Food, Renaissance Food Group, Open Acres, more",Caito Foods,6/9/18,"Fresh cut cantaloupe, honeydew melon, watermelon, more",potential to be contaminated with Salmonella,https://www.fda.gov/Safety/Recalls/ucm610345.htm
Meijer,"Shearer’s Foods, LLC",6/4/18,Dill Pickle Flavored Potato Chips,undeclared milk,https://www.fda.gov/Safety/Recalls/ucm609810.htm
Hospira,Hospira Inc.,6/4/18,"Naloxone Hydrochloride Injection, USP, 0.4 mg/mL, 1 mL in 2.5 mL in the Carpuject™ Single-use cartridge Syringe System",Potential Presence of Particulate Matter,https://www.fda.gov/Safety/Recalls/ucm609668.htm
Sanders Candy,Sanders Candy,6/1/18,Fudge Bites,Undeclared almonds,https://www.fda.gov/Safety/Recalls/ucm609628.htm
SDQ Trading,SDQ Trading Inc.,6/1/18,Cheese biscuits,Undeclared milk,https://www.fda.gov/Safety/Recalls/ucm609603.htm
"STAT-Check, Medline","SunMed Holdings, LLC",6/1/18,Resuscitator Bags,The patient port may detach during use,https://www.fda.gov/Safety/Recalls/ucm609533.htm
Apotex,Apotex Corp.,5/31/18,Fluticasone Propionate Nasal Spray,Potential for small glass particles,https://www.fda.gov/Safety/Recalls/ucm609436.htm
"EconoMax, Hill Country Fare, Creamy Creations",HEB,5/30/18,Ice cream and sherbet,Metal pieces,https://www.fda.gov/Safety/Recalls/ucm609347.htm
Taytulla,Allergan,5/29/18,Birth control capsules,Out of order packaging,https://www.fda.gov/Safety/Recalls/ucm609044.htm
H-E-B,H-E-B,5/25/18,Sliced Salad Olives,Glass,https://www.fda.gov/Safety/Recalls/ucm608988.htm
Zoe’s,Dough-to-Go,5/25/18,Cookies,Undeclared tree nuts (walnuts),https://www.fda.gov/Safety/Recalls/ucm608979.htm
Divvies,"Divvies, LLC",5/25/18,Benjamint Chocolate Bars,Undeclared milk,https://www.fda.gov/Safety/Recalls/ucm609002.htm
WATAN DRY FRUITS,"Global Commodities, Inc.",5/25/18,Dried Apricot,Undeclared sulfites,https://www.fda.gov/Safety/Recalls/ucm609004.htm
"X-Jow, Acne Shave",Shadow Holdings,5/25/18,"Pain Gel, Moisturizer, Shave Cream",Products may be contaminated with bacteria,https://www.fda.gov/Safety/Recalls/ucm609003.htm
New Seasons,New Seasons Market LLC,5/24/18,"mini butter croissants, mini chocolate croissants",undeclared egg and undeclared soy lecithin,https://www.fda.gov/Safety/Recalls/ucm608834.htm
Pious Lion,Pious Lion,5/24/18,Product containing kratom,Salmonella,https://www.fda.gov/Safety/Recalls/ucm609032.htm
"Castor & Pollux, Merrick",Merrick Pet Care,5/23/18,‎Beef dog treat varieties,Potential that they contain elevated levels of a naturally-occurring beef thyroid hormone,https://www.fda.gov/Safety/Recalls/ucm608655.htm
Private Brand,"Giant Food, LLC",5/23/18,Frozen Broccoli Cuts,Listeria monocytogenes,https://www.fda.gov/Safety/Recalls/ucm608994.htm
Private Brand,Stop & Shop,5/23/18,Frozen Broccoli Cuts,Listeria monocytogenes,https://www.fda.gov/Safety/Recalls/ucm609000.htm
Private Brand,"Giant Food Stores, LLC",5/23/18,Frozen Broccoli Cuts,Listeria monocytogenes,https://www.fda.gov/Safety/Recalls/ucm608995.htm
Golden International brand or none,Golden International Corporation,5/22/18,Farm Raised Frozen whole tilapia fish IQF,Stolen and may be contaminated with Salmonella,https://www.fda.gov/Safety/Recalls/ucm608581.htm
"Ethanol Extraction/Lake Michigan Distilling Company, LLC","Lake Michigan Distilling Company, LLC dba Ethanol Extraction",5/22/18,95% Ethyl Alcohol product,possible contamination with methanol,https://www.fda.gov/Safety/Recalls/ucm608579.htm
Melanie,Melanie Wholesale Inc.,5/21/18,Mini Cookies with Caramel Flavor,Undeclared peanuts,https://www.fda.gov/Safety/Recalls/ucm608349.htm
"MBI Distributing, Inc.","MBI Distributing, Inc.",5/18/18,Various Homeopathic Products,Lack of adequate manufacturing controls,https://www.fda.gov/Safety/Recalls/ucm608180.htm
Ziyad,Ziyad Brothers Importing,5/18/18,Tahini,Salmonella,https://www.fda.gov/Safety/Recalls/ucm608306.htm
Melanie,Melanie Wholesale Inc.,5/18/18,Liubitelskie Cookies,Undeclared peanuts,https://www.fda.gov/Safety/Recalls/ucm608347.htm
Snak Club,Century Snacks LLC,5/18/18,Tropical Trail Mix,"Undeclared Milk, Soy, Wheat or Cashews",https://www.fda.gov/Safety/Recalls/ucm608251.htm
7K and Poseidon,Shoreside Enterprises,5/17/18,7K and Poseidon 4500 Dietary Supplements,Undeclared Sildenafil and Tadalafil,https://www.fda.gov/Safety/Recalls/ucm608074.htm
Priano,BLM Products U. Vertriebsges,5/17/18,Rosso Pesto Sauce,May contain undeclared milk and egg,https://www.fda.gov/Safety/Recalls/ucm607963.htm
The Peruchef,Mas Food Services Co.,5/16/18,"Dry potato” and “Papa Seca Serrana""",Undeclared sulfites,https://www.fda.gov/Safety/Recalls/ucm607887.htm
Apotex Corporation,Apotex Corporation,5/14/18,Piperacillin and Tazobactam for Injection,Elevated level of impurities,https://www.fda.gov/Safety/Recalls/ucm607653.htm
AuroMedics Pharma LLC,AuroMedics Pharma LLC,5/14/18,"Piperacillin and Tazobactam for injection, USP 3.375 g/vial",Presence of glass particulates,https://www.fda.gov/Safety/Recalls/ucm606789.htm
Sugarfina,"Sugarfina, Inc.",5/11/18,Sugar Cookies Products,Undeclared Egg,https://www.fda.gov/Safety/Recalls/ucm607510.htm
"Hickory Harvest, Heinens, and Liberty Snacks",Hickory Harvest Foods,5/10/18,ISLAND FRUIT MIX AND ORGANIC NUT MIX PRODUCTS,Potential Listeria monocytogenes,https://www.fda.gov/Safety/Recalls/ucm608230.htm
Medline Remedy Essentials,Shadow Holdings dba Bocchi Laboratories,5/8/18,No-Rinse Cleansing foam,Burkholderia cepacia complex (Bcc),https://www.fda.gov/Safety/Recalls/ucm607087.htm
Acadica,"Badger Botanicals, LLC",5/4/18,Kratom dietary supplement,Potential Salmonella contamination,https://www.fda.gov/Safety/Recalls/ucm606721.htm
HeartMate 3,Abbott,5/4/18,Left Ventricular Assist Device,Outflow graft twisting could occur post-implant,https://www.fda.gov/Safety/Recalls/ucm609443.htm
AuroMedics Pharma LLC,AuroMedics Pharma LLC,5/3/18,"Ampicillin and Sulbactam for Injection USP, 3 grams/ Single-Dose vial",Presence of visible particulate matter,https://www.fda.gov/Safety/Recalls/ucm606794.htm
Van's,Van's Foods,5/3/18,Waffles,Product may contain gluten and undeclared milk,https://www.fda.gov/Safety/Recalls/ucm606033.htm
"Golden Flake, Good Health, UTZ, Weis","Quality Foods, LLC",5/2/18,Tortilla Chips,Undeclared Milk,https://www.fda.gov/Safety/Recalls/ucm606576.htm
Gerard Dominique,Seabear Company,5/1/18,Wild Coho Smoked Salmon,Potential Clostridium botulinum contamination,https://www.fda.gov/Safety/Recalls/ucm606308.htm
SAM,SAM Medical,5/1/18,Extremity Tourniquets,possible failure of the stitches securing the buckle to the nylon belt,https://www.fda.gov/Safety/Recalls/ucm608849.htm
Dragon Kratom,"Maya Distribution, LLC",5/1/18,Dietary Supplements,Potential Salmonella contamination,https://www.fda.gov/Safety/Recalls/ucm606627.htm
Stonewall Kitchen,Stonewall Kitchen,4/30/18,Basil Pesto,Undeclared Egg,https://www.fda.gov/Safety/Recalls/ucm606111.htm
Bombay Kitchen,Ethnic Foods Inc.,4/26/18,Bhavnagri Mix,Undeclared peanuts,https://www.fda.gov/Safety/Recalls/ucm605939.htm
Greenbelt Microgreens,Greenbelt Greenhouse LTD,4/25/18,Microgreen Mix,Listeria monocytogenes,https://www.fda.gov/Safety/Recalls/ucm605702.htm
Labrada,Labrada Nutrition,4/24/18,"""LeanPro8"" Protein Powder",Undeclared Egg,https://www.fda.gov/Safety/Recalls/ucm605564.htm
Budget $aver,Ziegenfelder Company,4/23/18,Ice pops,Listeria monocytogenes,https://www.fda.gov/Safety/Recalls/ucm605437.htm
"Various: Pain Out, Nirvanio, Cali","NutriZone, LLC",4/23/18,various kratom dietary supplements,potential for contamination with Salmonella,https://www.fda.gov/Safety/Recalls/ucm603356.htm
Happy Harvest,"McCall Farms, Inc",4/21/18,Canned leaf spinach,potential presence of peanuts/product mislabeling,https://www.fda.gov/Safety/Recalls/ucm605388.htm
OC Raw Dog,"OC Raw Dog, LLC",4/20/18,"Chicken, Fish, & Produce Dog Food",May Contain Listeria monocytogenes,https://www.fda.gov/Safety/Recalls/ucm605374.htm
OC Raw Dog,"OC Raw Dog, LLC",4/20/18,Freeze Dried Sardines,Potential for Clostridium botulinum,https://www.fda.gov/Safety/Recalls/ucm605370.htm
Eataly,Eataly USA,4/19/18,Artichoke Spread,Undeclared tree nut (walnut),https://www.fda.gov/Safety/Recalls/ucm605224.htm
NXTGEN,NGB Corp,4/18/18,Kratom dietary supplement,potential to be contaminated with Salmonella,https://www.fda.gov/Safety/Recalls/ucm605121.htm
"Simply Superior, Morey’s",Superior Foods Company,4/18/18,Smoked Salmon Spreads,Listeria monocytogenes,https://www.fda.gov/Safety/Recalls/ucm605105.htm
"Various: Raw Form Organics, Molecule, Chameleon, Naturally, Lifted, Live Well, Third Eye",Triangle Pharmanaturals LLC,4/17/18,Powdered kratom products,"MANDATORY RECALL ordered for all food products containing powdered kratom manufactured, processed, packed, or held by Triangle Pharmanaturals LLC",https://www.fda.gov/Safety/Recalls/ucm604880.htm
Formagerie de la Brie brand,World’s Best Cheeses,4/17/18,l’Explorateur soft ripened cheese,potential to be contaminated with Listeria monocytogenes,https://www.fda.gov/Safety/Recalls/ucm604779.htm
Herbal-Salvation,Viable Solutions,4/17/18,Kratom containing powder products,potential to be contaminated with Salmonella,https://www.fda.gov/Safety/Recalls/ucm605054.htm
TRUDOG,"TruPet, LLC",4/17/18,Pet food-freezed dried raw beef topper,potential to be contaminated with Salmonella,https://www.fda.gov/Safety/Recalls/ucm604979.htm
Euphoric,"Epic Products, LLC",4/16/18,Marketed as dietary supplement- capsules,tainted with undeclared sildenafil and tadalafil,https://www.fda.gov/Safety/Recalls/ucm604729.htm
Vital Essentials®,Carnivore Meat Company,4/16/18,Dog/pet food Freeze-Dried Beef Toppers and Frozen Beef Chub,potential to be contaminated with Salmonella,https://www.fda.gov/Safety/Recalls/ucm604895.htm
"Publix, Sunups, more","Cal-Maine Foods, Inc.",4/16/18,Shell eggs,Salmonella,https://www.fda.gov/Safety/Recalls/ucm604748.htm
"Giant Eagle, Market District and GetGo","Giant Eagle, Inc.",4/14/18,items prepared with romaine lettuce,Escherichia coli O157:H7,https://www.fda.gov/Safety/Recalls/ucm605318.htm
Sunseed Vita Prima,Vitakraft Sun Seed Inc,4/14/18,Sugar Glider Formula,It has the potential to be contaminated with Salmonella,https://www.fda.gov/Safety/Recalls/ucm604674.htm
"Country Daybreak, Food Lion and more",Rose Acre Farms,4/13/18,Shell eggs,Salmonella Braenderup,https://www.fda.gov/Safety/Recalls/ucm604640.htm
"Various: Raw Form Organics, Molecule, Chameleon, Naturally, Lifted, Live Well, Third Eye",Triangle Pharmanaturals LLC,4/13/18,Powdered kratom products,"MANDATORY RECALL ordered for all food products containing powdered kratom manufactured, processed, packed, or held by Triangle Pharmanaturals LLC",https://www.fda.gov/Safety/Recalls/ucm604728.htm
Formagere de la Brie,"Seacrest Foods International, Inc.",4/13/18,Cheese,Listeria monocytogenes,https://www.fda.gov/Safety/Recalls/ucm604632.htm
Vusa Vibe,R.J. Reynolds Vapor Company,4/13/18,Vuse Vibe power units,Malfunctioning batteries that cause the power unit to overheat creating a fire risk,https://www.fda.gov/Safety/Recalls/ucm604641.htm
K9 Natural,K9 Natural Ltd,4/13/18,Pet food,Listeria monocytogenes,https://www.fda.gov/Safety/Recalls/ucm604645.htm
La Marinera,"Guixens Food Group, Inc.",4/12/18,Dried Yellow Potatoes,Undeclared sulfites,https://www.fda.gov/Safety/Recalls/ucm604556.htm
AMA Wholesale Inc.,AMA Wholesale Inc.,4/12/18,Rhino 69 Extreme 50000 capsules,Unapproved New Drug (Presence of Tadalafil),https://www.fda.gov/Safety/Recalls/ucm604633.htm
Four J,Cookwell & Company,4/11/18,Charred Tomato & Basil Sauce,"Undeclared soy, wheat and fish",https://www.fda.gov/Safety/Recalls/ucm604434.htm
Premier Pharmacy Labs,Premier Pharmacy Labs,4/11/18,Sterile Injectable Drug Products,Potential lack of sterility assurance,https://www.fda.gov/Safety/Recalls/ucm604410.htm
Explorateur,Whole Foods Market,4/9/18,Triple crème cheese,Listeria monocytogenes,https://www.fda.gov/Safety/Recalls/ucm604172.htm
Stewart's,Stewart's Shops Corp,4/9/18,Ice Cream,Undeclared peanut,https://www.fda.gov/Safety/Recalls/ucm604135.htm
"Food Service, H. Brooks, H. Brooks-Taste Buds, and Supervalu - Cub Quick & Easy",Cut Fruit Express Inc.,4/6/18,Bruschetta Dip and Bruschetta Mix,Undeclared Milk and Soy,https://www.fda.gov/Safety/Recalls/ucm604026.htm
Bob's Red Mill,Bob's Red Mill Natural Foods,4/6/18,Organic Amaranth Flour,Salmonella,https://www.fda.gov/Safety/Recalls/ucm604028.htm
Advocare,Advocare International,4/6/18,Muscle Strength and Nighttime Recovery dietary supplements,Undeclared Milk,https://www.fda.gov/Safety/Recalls/ucm604023.htm
EXO,Aspire Food Group,4/5/18,"Blueberry vanilla, peanut butter & jelly, and apple cinnamon cricket protein bars",Undeclared sulfites,https://www.fda.gov/Safety/Recalls/ucm603885.htm
Club 13,Club 13,4/5/18,Kratom Maeng Da Red,Salmonella,https://www.fda.gov/Safety/Recalls/ucm604085.htm
Back to Health and Healthy Home Center Inc.,Independent Nutrition Inc. dba Back to Health,4/5/18,pre-workout dietary supplements,Undeclared milk,https://www.fda.gov/Safety/Recalls/ucm603955.htm
Buenas,Global Commodities Corporation,4/4/18,Grated coconut,Salmonella,https://www.fda.gov/Safety/Recalls/ucm603712.htm
Raw Form Organics,Triangle Pharmanaturals LLC,4/3/18,Powdered kratom products,"MANDATORY RECALL ordered for all food products containing powdered kratom manufactured, processed, packed, or held by Triangle Pharmanaturals LLC",https://www.fda.gov/Safety/Recalls/ucm603536.htm
Healthy Nut Factory,The Health Nuts,3/29/18,Organic Coconut Smiles,May contain Salmonella,https://www.fda.gov/Safety/Recalls/ucm603242.htm
"Archer Farms, Ben & Jerry’s, Breyers, C&W",Target Corporation,3/29/18,Various frozen items,Not held at appropriate temperature,https://www.fda.gov/Safety/Recalls/ucm603172.htm
Nirvanio,"NutriZone, LLC",3/29/18,Special Reserve Kratom Blend,Salmonella,https://www.fda.gov/Safety/Recalls/ucm603556.htm
PASTA DE LASSAR ANDROMACO,"MarcasUSA, LLC",3/29/18,Pasta De Lassar Andromaco Skin Protectant,"Potential for contamination with yeast, mold, and bacteria",https://www.fda.gov/Safety/Recalls/ucm603340.htm
PASTA DE LASSAR ANDROMACO,"MarcasUSA, LLC",3/29/18,Pasta De Lassar Andromaco Skin Protectant,"Potential for contamination with yeast, mold, and bacteria",https://www.fda.gov/Safety/Recalls/ucm603328.htm
Wegmans,"First Source, LLC",3/27/18,Yogurt Raisins,May contain undeclared peanuts,https://www.fda.gov/Safety/Recalls/ucm602888.htm
Blue Ridge Beef,Blue Ridge Beef,3/26/18,Complete raw pet food,May contain Salmonella and Listeria monocytogenes,https://www.fda.gov/Safety/Recalls/ucm602723.htm
eBars,eBars LLC,3/26/18,Energy Bars,May contain undeclared peanut and/or almond allergens,https://www.fda.gov/Safety/Recalls/ucm602771.htm
Natural Selections and ZooLogics,Darwin’s Natural Pet Products,3/26/18,Fresh raw meals for dogs,May contain Salmonella and E. coli O128,https://www.fda.gov/Safety/Recalls/ucm602735.htm
"Mrs. Gerry's, Open Acres, Festival, Knowlan's and Market Fresh",Mrs. Gerry's Kitchen Inc.,3/25/18,Egg Salads and Potato Salads,Undeclared Seafood in Salad,https://www.fda.gov/Safety/Recalls/ucm602707.htm
Whole Foods Market,Whole Foods Market,3/25/18,Decorated (iced) cookies,Undeclared Egg Allergen,https://www.fda.gov/Safety/Recalls/ucm602733.htm
Delizza,"Poppies International, Inc.",3/23/18,Mini Eclairs,Listeria monocytogenes,https://www.fda.gov/Safety/Recalls/ucm602515.htm
King Arthur,King Arthur Flour Company,3/23/18,Organic Coconut Flour,May contain Salmonella,https://www.fda.gov/Safety/Recalls/ucm602489.htm
Kitchen's Cravings,"Kwik Trip, Inc.",3/23/18,Egg Salad Sandwich,May contain traces of Imitation Crab Meat,https://www.fda.gov/Safety/Recalls/ucm602628.htm
